model,target,MSE,RMSE,MAE,MAPE,SMAPE,R2,LOG_R2
JobLevel_HistoricalProfile,interarrival_minutes,61.12582031941093,7.818300347224512,3.319560967028549,716.1827853082527,110.42021983318224,-0.08994834990726863,-0.1817793880232632
JobLevel_HistoricalProfile,cpu_request,26.06031363088058,5.104930325761614,0.6984318455971049,1.132137112987535,0.9056618224290118,0.980957821194108,0.995860853079759
JobLevel_HistoricalProfile,memory_request,807.8377846049457,28.42248730503623,10.726289203860073,3.7269584970543166,3.5180263270387426,0.976832097191992,0.9946841655022524
JobLevel_HistoricalProfile,duration_minutes,17991933.179858647,4241.68989671082,1480.6147031330418,271.3529582988306,79.45415983121026,0.05167499574958612,0.6885105236614333
