model,target,mae,rmse,r2,accuracy
app_name_model,app_name,,,,0.23535758323057954
role_model,role,,,,0.7381319358816276
job_type_model,job_type,,,,0.8286066584463625
cpu_model,cpu_request,1.8089053630828857,4.395022758971776,0.9835719466209412,
memory_model,memory_request,10.819533086440419,23.784271925854124,0.9812150587956796,
duration_model,duration_minutes,255.68495435881624,515.1636948997925,0.17070874973001304,
