model,target,MSE,RMSE,MAE,MAPE,SMAPE,R2
LSTM,cpu_request_sum,91142.88992903032,301.89880743227576,140.8174719711145,67.47167582391246,126.52584010698133,0.2711221086029676
LSTM,memory_request_sum,2233048.141743128,1494.3386971309844,722.0930658876896,73.29762043803572,137.08323139501042,0.29530671267171693
LSTM,duration_minutes_mean,9646726.86432681,3105.9180388939453,1139.6991127468727,441.468220632012,155.52287040713406,-0.12275987580250902
LSTM,job_count,26.279688700616276,5.126371884736444,2.302627198708554,52.38033588790502,96.82497396766966,0.1713417259782678
LSTM,batch_count,9.845596936415028,3.1377694205302955,1.729446823708713,48.98314367491313,115.9812681415682,0.3769259938610644
LSTM,interactive_count,8.1272435250236,2.8508320759075936,1.1345642073623214,71.48035860842182,160.32946587739337,-0.6121540319977936
