model,target,MSE,RMSE,MAE,MAPE,SMAPE,R2
LSTM,cpu_request_sum,12791.65382982289,113.10019376562929,54.2864256956511,88.55079621248912,174.97327390078866,0.19724876502073474
LSTM,memory_request_sum,352192.3725675403,593.4579787714883,276.7929421067238,89.93251992799311,181.0186710836285,0.12408531970819836
LSTM,duration_minutes_mean,7231211.143945863,2689.091137158773,652.9405425078149,1050.5963252021022,176.98286084715014,-0.05180312092925976
LSTM,job_count,2.2552740911179185,1.5017570013547195,0.8883396620965667,52.1821867411705,144.83327745966795,0.45025904507663095
LSTM,batch_count,1.3620578853113292,1.1670723565020849,0.6932752637399567,57.12837429163879,160.0931397842352,0.3968000275544983
LSTM,interactive_count,0.5674360519529659,0.7532835136606707,0.36575763426824576,76.37507532276003,184.50787174804321,0.3265208646730756
