model,target,MSE,MAE,MAPE,R2
LSTM,cpu_request_sum,219748.10311740797,192.4631870587667,454.6656002052147,0.04675993033531234
LSTM,memory_request_sum,5584353.51379298,815.8198102315267,294.688926906029,0.03522962385443085
LSTM,duration_minutes_mean,653442.3638482472,802.8129954255604,31368.198971645514,-83.20515289691312
LSTM,job_count,137.23560572141278,3.7859714962542057,86.26132916441858,0.01910631051479006
LSTM,batch_count,4.580402231478917,2.0125226664046445,95.84776495589689,-1.59182089797444
LSTM,interactive_count,135.97887067872603,3.3142877713156245,74.62860293690797,-0.027238180006376567
