model,target,MSE,MAE,MAPE,R2
Prophet,cpu_request_sum,227790.0632021142,167.33711136274323,252.15648527906828,0.011874902966997669
Prophet,memory_request_sum,5738028.514223304,833.73158015264,260.3093334154958,0.00868025021554164
Prophet,duration_minutes_mean,52693.03854406269,150.02800084313841,8517.289899802725,-5.790232180655143
Prophet,job_count,145.8117173919745,3.9780536174366286,105.06630789958345,-0.04219158498217923
Prophet,batch_count,1.5249931305620592,0.6728624893708398,58.837371023425376,0.13708253875729492
Prophet,interactive_count,141.3172795688279,3.4459301686112886,88.86663617114955,-0.06756663254481965
