model,target,MSE,RMSE,MAE,MAPE,SMAPE,R2
Prophet,cpu_request_sum,128514.024950799,358.4885283391911,161.18317413051574,67.52892535023834,110.31153708992456,-0.027738220655744383
Prophet,memory_request_sum,3354414.1405534134,1831.5059761173081,821.5244635485609,67.43842513222297,118.1246951478361,-0.058567920493572956
Prophet,duration_minutes_mean,9509490.26244841,3083.746141051239,1177.520422634805,695.8017399178814,148.29129279810633,-0.10678723013236446
Prophet,job_count,29.267544778062373,5.409948685344656,2.844357020339171,67.97391577237964,101.8067409186757,0.07712783751223917
Prophet,batch_count,15.109813723325985,3.8871343845210684,2.1255280078438363,55.296726181341306,113.30648157859373,0.04378249186851246
Prophet,interactive_count,4.657528290276709,2.1581307398479614,1.0951956984440059,55.947290414616404,156.28927076061717,0.07611320010352662
