model,target,MSE,RMSE,MAE,MAPE,SMAPE,R2
Prophet,cpu_request_sum,18088.14447431911,134.4921725392192,63.28884245307321,84.35361615674077,177.22483378030586,-0.1351370595559711
Prophet,memory_request_sum,473974.45030932437,688.4580236363902,315.366227482396,88.60113446963057,184.7220705604509,-0.17879094337728296
Prophet,duration_minutes_mean,7275395.430679577,2697.2940942136024,665.807312603642,321.92960847344995,179.66807583880444,-0.05822986878068637
Prophet,job_count,3.842365367864063,1.9601952371802311,1.1210473172658597,41.20652226377695,139.9842219284277,0.0633929530724926
Prophet,batch_count,2.1773126721125813,1.475571981338959,0.8917887945604777,52.248237532177775,158.11869414883958,0.03575688082936823
Prophet,interactive_count,0.7923295067139079,0.890128927017827,0.4601961377107134,75.2441184273639,184.3054237200698,0.05959906981743501
