model,target,MSE,MAE,MAPE,R2
Random Forest,cpu_request_sum,230744.38212638893,304.66034722222224,915.9178391499177,-0.0009405668242601362
Random Forest,memory_request_sum,5990770.533786749,1560.8885069444443,1014.6005451385763,-0.03498425144606565
Random Forest,duration_minutes_mean,1444002.3724184732,986.2275574770898,38130.25485219867,-185.0798247559611
Random Forest,job_count,106.3821849537037,5.210833333333333,246.61422841718968,0.2396316295162837
Random Forest,batch_count,27.99379918981482,3.776493055555555,280.71726190476187,-14.840293076277606
Random Forest,interactive_count,102.46530300925929,3.7649305555555563,146.7823706414933,0.22593656755894198
