model,target,MSE,RMSE,MAE,MAPE,SMAPE,R2
Random Forest,cpu_request_sum,89593.39816363378,299.32156314511286,140.4189147351573,62.45148943914991,122.56906938421952,0.28351353366726717
Random Forest,memory_request_sum,2288919.5989084407,1512.9175783592577,722.6131433522123,69.32977475389484,134.1847713263131,0.2776750995946651
Random Forest,duration_minutes_mean,9592162.545760436,3097.1216549823216,1135.8117752561448,391.60507041053467,150.24257564001377,-0.11640926295750531
Random Forest,job_count,21.18556311999902,4.602777761308818,2.3149132184415406,51.333098721552794,97.02046840299803,0.33197107586798946
Random Forest,batch_count,10.882193852481281,3.29881703834591,1.7266980621489776,44.13159086109082,112.33317546746224,0.3113254419172997
Random Forest,interactive_count,3.1428695467764367,1.7728140192294388,0.8431682751460254,59.29041822195632,159.29599191336027,0.3765672461667747
