model,target,MSE,RMSE,MAE,MAPE,SMAPE,R2
SARIMA_LIGHT,cpu_request_sum,16889.81750803353,129.96083066845,67.89713256499292,76.14422534694461,157.8424081973418,-0.05993502040666554
SARIMA_LIGHT,memory_request_sum,448379.74448178965,669.6116370567269,329.3272958687487,78.85720218542845,167.74616353902334,-0.11513601976649834
SARIMA_LIGHT,duration_minutes_mean,7189401.248677708,2681.305884951903,690.4036895639924,1324.713004005567,169.3380518913398,-0.04572173601968266
SARIMA_LIGHT,job_count,4.217408732621883,2.053633056955863,1.4079672145861821,44.58105716390827,136.62100690881311,-0.028026842992046053
SARIMA_LIGHT,batch_count,2.4696435011601485,1.5715099430675419,1.139804684237711,33.14443498783525,146.8816594070429,-0.09370453922339128
SARIMA_LIGHT,interactive_count,0.9104510690563158,0.9541755965524982,0.38727900887002176,93.56375137757065,195.0818034973073,-0.0805971820703888
