model,target,MSE,MAE,MAPE,R2
SARIMA,cpu_request_sum,243729.69421368313,160.32722985745679,158.2025242940374,-0.05726924326383154
SARIMA,memory_request_sum,6118612.655195381,813.811964370463,178.15591602259047,-0.05707065612191853
SARIMA,duration_minutes_mean,27514.74137969808,160.0828065251795,7101.487739296964,-2.5456577855649445
SARIMA,job_count,150.49225798857051,3.63633529744673,45.4808148153541,-0.07564582384713003
SARIMA,batch_count,1.852081752025167,0.8265010440992994,75.11836398829081,-0.04800057878454833
SARIMA,interactive_count,137.68155880337025,3.1436728536496994,39.073109514004436,-0.04010095965403582
