model,target,MSE,RMSE,MAE,MAPE,SMAPE,R2
TwoStage_JobLevel_XGBoost,cpu_request_sum,11871.9267578125,108.95837167383009,78.0593490600586,157.9721953594214,135.62319315001386,0.2549670338630676
TwoStage_JobLevel_XGBoost,memory_request_sum,284742.9676258096,533.6131254249746,383.74685753716363,148.8117836273831,135.30345107010135,0.29183433577775686
TwoStage_JobLevel_XGBoost,duration_minutes_mean,7298958.310367186,2701.658437028483,660.5978100387287,166.36828176416208,184.46877549955758,-0.06165716607572613
TwoStage_JobLevel_XGBoost,job_count,2.5208333333333335,1.5877132402714709,1.0972222222222223,62.269294325745925,129.41478910446784,0.38552687261955143
TwoStage_JobLevel_XGBoost,batch_count,2.75,1.6583123951777,0.7013888888888888,100.0,200.0,-0.21786301603912617
TwoStage_JobLevel_XGBoost,interactive_count,3.3333333333333335,1.8257418583505538,1.2638888888888888,103.1638418079096,165.5269180703697,-2.956270390933547
