model,target,MSE,RMSE,MAE,MAPE,SMAPE,R2
JobLevel_Internal_XGBoost,cpu_request,513.0948486328125,22.65159704375858,13.648032188415527,20.856993296956468,20.38333053085847,0.6251762509346008
JobLevel_Internal_XGBoost,memory_request,13824.667910389458,117.57834796589658,72.15909140039511,24.579952603860615,23.68254732996284,0.6035966584209167
JobLevel_Internal_XGBoost,duration_minutes,19982863.896702286,4470.219669848707,1583.970184874564,358.43958213696163,108.80564970417946,-0.053842564281301186
